"domain","status","author","issues","rss"
"3sat.de","![](https://img.shields.io/badge/status-gold-%23ffd700.svg)","[@schochastics](https://github.com/schochastics)","[#23](https://github.com/JBGruber/paperboy/issues/23)", "https://www.3sat.de/rss/zdf/gesellschaft"
"abendblatt.de","![](https://img.shields.io/badge/status-gold-%23ffd700.svg)","[@schochastics](https://github.com/schochastics)","[#23](https://github.com/JBGruber/paperboy/issues/23)", "https://www.abendblatt.de/rss"
"abendzeitung-muenchen.de.de","![](https://img.shields.io/badge/status-gold-%23ffd700.svg)","[@schochastics](https://github.com/schochastics)","[#23](https://github.com/JBGruber/paperboy/issues/23)", "https://www.abendzeitung-muenchen.de/storage/rss/rss/alle-artikel-abendzeitung.xml"
"ac24.cz","![](https://img.shields.io/badge/status-gold-%23ffd700.svg)","[@JBGruber](https://github.com/JBGruber/)","","https://www.ac24.cz/feed/"
"ad.nl","![](https://img.shields.io/badge/status-gold-%23ffd700.svg)","[@JBGruber](https://github.com/JBGruber/)","","https://www.ad.nl/home/rss.xml"
"aktualne.cz","![](https://img.shields.io/badge/status-gold-%23ffd700.svg)","[@JBGruber](https://github.com/JBGruber/)","","https://www.aktualne.cz/rss"
"anotherangryvoice.blogspot.com","![](https://img.shields.io/badge/status-gold-%23ffd700.svg)","[@JBGruber](https://github.com/JBGruber/)","",NA
"augsburger-allgemeine.de","![](https://img.shields.io/badge/status-gold-%23ffd700.svg)","[@schochastics](https://github.com/schochastics)","[#23](https://github.com/JBGruber/paperboy/issues/23)", "http://www.augsburger-allgemeine.de/augsburg/rss"
"badische-zeitung.de","![](https://img.shields.io/badge/status-gold-%23ffd700.svg)","[@schochastics](https://github.com/schochastics)","[#23](https://github.com/JBGruber/paperboy/issues/23)",NA
"bbc.co.uk","![](https://img.shields.io/badge/status-gold-%23ffd700.svg)","[@JBGruber](https://github.com/JBGruber/)","","https://feeds.bbci.co.uk/news/rss.xml"
"berliner-kurier.de","![](https://img.shields.io/badge/status-gold-%23ffd700.svg)","[@schochastics](https://github.com/schochastics)","[#23](https://github.com/JBGruber/paperboy/issues/23)", NA
"berliner-zeitung.de","![](https://img.shields.io/badge/status-gold-%23ffd700.svg)","[@schochastics](https://github.com/schochastics)","[#23](https://github.com/JBGruber/paperboy/issues/23)","https://www.berliner-zeitung.de/feed.xml"
"bild.de","![](https://img.shields.io/badge/status-gold-%23ffd700.svg)","[@schochastics](https://github.com/schochastics)","[#23](https://github.com/JBGruber/paperboy/issues/23)","http://www.bild.de/rssfeeds/rss3-20745882,feed=alles.bild.html"
"blesk.cz","![](https://img.shields.io/badge/status-gold-%23ffd700.svg)","[@JBGruber](https://github.com/JBGruber/)","","https://www.blesk.cz/rss"
"bnn.de","![](https://img.shields.io/badge/status-gold-%23ffd700.svg)","[@schochastics](https://github.com/schochastics)","[#23](https://github.com/JBGruber/paperboy/issues/23)", NA
"boston.com","![](https://img.shields.io/badge/status-requested-lightgrey)","","[#1](https://github.com/JBGruber/paperboy/issues/1)",NA
"bostonglobe.com","![](https://img.shields.io/badge/status-requested-lightgrey)","","[#1](https://github.com/JBGruber/paperboy/issues/1)",NA
"br.de","![](https://img.shields.io/badge/status-gold-%23ffd700.svg)","[@schochastics](https://github.com/schochastics)","[#23](https://github.com/JBGruber/paperboy/issues/23)", "https://nachrichtenfeeds.br.de/rss/nachrichten/seiten/QXAPwyN"
"breakingnews.ie","![](https://img.shields.io/badge/status-gold-%23ffd700.svg)","[@JBGruber](https://github.com/JBGruber/)","","https://www.breakingnews.ie/feed/all.rss"
"breitbart.com","![](https://img.shields.io/badge/status-gold-%23ffd700.svg)","[@JBGruber](https://github.com/JBGruber/)","",NA
"businessinsider.de","![](https://img.shields.io/badge/status-gold-%23ffd700.svg)","[@schochastics](https://github.com/schochastics)","[#23](https://github.com/JBGruber/paperboy/issues/23)","https://www.businessinsider.de/feed/businessinsider-alle-artikel"
"buzzfeed.com","![](https://img.shields.io/badge/status-gold-%23ffd700.svg)","[@JBGruber](https://github.com/JBGruber/)","",NA
"cbslnk.cbsileads.com","![](https://img.shields.io/badge/status-requested-lightgrey)","","[#1](https://github.com/JBGruber/paperboy/issues/1)",NA
"cbsnews.com","![](https://img.shields.io/badge/status-gold-%23ffd700.svg)","[@JBGruber](https://github.com/JBGruber/)","","https://www.cbsnews.com/latest/rss/evening-news"
"ceskatelevize.cz","![](https://img.shields.io/badge/status-gold-%23ffd700.svg)","[@JBGruber](https://github.com/JBGruber/)","","https://ct24.ceskatelevize.cz/rss"
"cnet.com","![](https://img.shields.io/badge/status-gold-%23ffd700.svg)","[@JBGruber](https://github.com/JBGruber/)","","https://www.cnet.com/rss/news/"
"dailymail.co.uk","![](https://img.shields.io/badge/status-gold-%23ffd700.svg)","[@JBGruber](https://github.com/JBGruber/)","","https://www.dailymail.co.uk/news/index.rss"
"decider.com","![](https://img.shields.io/badge/status-requested-lightgrey)","","[#1](https://github.com/JBGruber/paperboy/issues/1)",NA
"denikn.cz","![](https://img.shields.io/badge/status-gold-%23ffd700.svg)","[@JBGruber](https://github.com/JBGruber/)","","https://denikn.cz/rss"
"derstandard.at","![](https://img.shields.io/badge/status-silver-%23C0C0C0.svg)","[@schochastics](https://github.com/schochastics)","[#23](https://github.com/JBGruber/paperboy/issues/23)", "https://www.derstandard.at/rss"
"derwesten.de","![](https://img.shields.io/badge/status-gold-%23ffd700.svg)","[@schochastics](https://github.com/schochastics)","[#23](https://github.com/JBGruber/paperboy/issues/23)","https://www.derwesten.de/feed"
"der-postillon.com","![](https://img.shields.io/badge/status-gold-%23ffd700.svg)","[@schochastics](https://github.com/schochastics)","[#23](https://github.com/JBGruber/paperboy/issues/23)", NA
"deutschlandfunk.de","![](https://img.shields.io/badge/status-gold-%23ffd700.svg)","[@schochastics](https://github.com/schochastics)","[#23](https://github.com/JBGruber/paperboy/issues/23)","https://www.deutschlandfunk.de/nachrichten-100.rss"
"deutschlandfunkkultur.de","![](https://img.shields.io/badge/status-gold-%23ffd700.svg)","[@schochastics](https://github.com/schochastics)","[#23](https://github.com/JBGruber/paperboy/issues/23)","https://www.deutschlandfunkkultur.de/politik-114.rss"
"echo24.de","![](https://img.shields.io/badge/status-gold-%23ffd700.svg)","[@schochastics](https://github.com/schochastics)","[#23](https://github.com/JBGruber/paperboy/issues/23)", NA
"edition.cnn.com","![](https://img.shields.io/badge/status-gold-%23ffd700.svg)","[@JBGruber](https://github.com/JBGruber/)","","http://rss.cnn.com/rss/edition.rss"
"epochtimes.de","![](https://img.shields.io/badge/status-gold-%23ffd700.svg)","[@schochastics](https://github.com/schochastics)","[#23](https://github.com/JBGruber/paperboy/issues/23)", NA
"eu.usatoday.com","![](https://img.shields.io/badge/status-gold-%23ffd700.svg)","[@JBGruber](https://github.com/JBGruber/)","",NA
"evolvepolitics.com","![](https://img.shields.io/badge/status-gold-%23ffd700.svg)","[@JBGruber](https://github.com/JBGruber/)","",NA
"express.de","![](https://img.shields.io/badge/status-gold-%23ffd700.svg)","[@schochastics](https://github.com/schochastics)","[#23](https://github.com/JBGruber/paperboy/issues/23)", NA
"faz.net","![](https://img.shields.io/badge/status-gold-%23ffd700.svg)","[@JBGruber](https://github.com/JBGruber/)","","https://www.faz.net/rss/aktuell/"
"finanzen.net","![](https://img.shields.io/badge/status-gold-%23ffd700.svg)","[@schochastics](https://github.com/schochastics)","[#23](https://github.com/JBGruber/paperboy/issues/23)","https://www.finanzen.net/rss/news"
"fnp.de","![](https://img.shields.io/badge/status-gold-%23ffd700.svg)","[@schochastics](https://github.com/schochastics)","[#23](https://github.com/JBGruber/paperboy/issues/23)", NA
"focus.de","![](https://img.shields.io/badge/status-gold-%23ffd700.svg)","[@schochastics](https://github.com/schochastics)","[#23](https://github.com/JBGruber/paperboy/issues/23)","http://rss.focus.de/fol/XML/rss_folnews.xml"
"forbes.com","![](https://img.shields.io/badge/status-silver-%23C0C0C0.svg)","[@JBGruber](https://github.com/JBGruber/)","[#2](https://github.com/JBGruber/paperboy/issues/2)",NA
"fortune.com","![](https://img.shields.io/badge/status-requested-lightgrey)","","[#1](https://github.com/JBGruber/paperboy/issues/1)",NA
"foxbusiness.com","![](https://img.shields.io/badge/status-gold-%23ffd700.svg)","[@JBGruber](https://github.com/JBGruber/)","",NA
"foxnews.com","![](https://img.shields.io/badge/status-gold-%23ffd700.svg)","[@JBGruber](https://github.com/JBGruber/)","",NA
"fr.de","![](https://img.shields.io/badge/status-gold-%23ffd700.svg)","[@schochastics](https://github.com/schochastics)","[#23](https://github.com/JBGruber/paperboy/issues/23)","http://www.fr.de/rssfeed.rdf"
"freiepresse.de","![](https://img.shields.io/badge/status-gold-%23ffd700.svg)","[@schochastics](https://github.com/schochastics)","[#23](https://github.com/JBGruber/paperboy/issues/23)", NA
"ftw.usatoday.com","![](https://img.shields.io/badge/status-gold-%23ffd700.svg)","[@JBGruber](https://github.com/JBGruber/)","",NA
"geenstijl.nl","![](https://img.shields.io/badge/status-gold-%23ffd700.svg)","[@JBGruber](https://github.com/JBGruber/)","","https://www.geenstijl.nl/feeds/recent.atom"
"handelsblatt.com","![](https://img.shields.io/badge/status-gold-%23ffd700.svg)","[@schochastics](https://github.com/schochastics)","[#23](https://github.com/JBGruber/paperboy/issues/23)","https://www.handelsblatt.com/contentexport/feed/schlagzeilen"
"haz.de","![](https://img.shields.io/badge/status-gold-%23ffd700.svg)","[@schochastics](https://github.com/schochastics)","[#23](https://github.com/JBGruber/paperboy/issues/23)", NA
"heidelberg24.de","![](https://img.shields.io/badge/status-gold-%23ffd700.svg)","[@schochastics](https://github.com/schochastics)","[#23](https://github.com/JBGruber/paperboy/issues/23)", NA
"heise.de","![](https://img.shields.io/badge/status-gold-%23ffd700.svg)","[@schochastics](https://github.com/schochastics)","[#23](https://github.com/JBGruber/paperboy/issues/23)", "https://www.heise.de/rss/heise.rdf"
"hn.cz","![](https://img.shields.io/badge/status-gold-%23ffd700.svg)","[@JBGruber](https://github.com/JBGruber/)","","https://domaci.hn.cz/?m=rss"
"hna.de","![](https://img.shields.io/badge/status-gold-%23ffd700.svg)","[@schochastics](https://github.com/schochastics)","[#23](https://github.com/JBGruber/paperboy/issues/23)","http://www.hna.de/politik/rssfeed.xml"
"huffingtonpost.co.uk","![](https://img.shields.io/badge/status-gold-%23ffd700.svg)","[@JBGruber](https://github.com/JBGruber/)","",NA
"idnes.cz","![](https://img.shields.io/badge/status-gold-%23ffd700.svg)","[@JBGruber](https://github.com/JBGruber/)","",NA
"independent.co.uk","![](https://img.shields.io/badge/status-gold-%23ffd700.svg)","[@JBGruber](https://github.com/JBGruber/)","",NA
"independent.ie","![](https://img.shields.io/badge/status-gold-%23ffd700.svg)","[@JBGruber](https://github.com/JBGruber/)","","https://www.independent.ie/rss/section/ada62966-6b00-4ead-a0ba-2c179a0730b0"
"infranken.de","![](https://img.shields.io/badge/status-gold-%23ffd700.svg)","[@schochastics](https://github.com/schochastics)","[#23](https://github.com/JBGruber/paperboy/issues/23)",NA
"irishexaminer.com","![](https://img.shields.io/badge/status-gold-%23ffd700.svg)","[@JBGruber](https://github.com/JBGruber/)","","https://feeds.feedburner.com/ieireland"
"irishmirror.ie","![](https://img.shields.io/badge/status-gold-%23ffd700.svg)","[@JBGruber](https://github.com/JBGruber/)","","https://www.irishmirror.ie/?service=rss"
"irishtimes.com","![](https://img.shields.io/badge/status-gold-%23ffd700.svg)","[@JBGruber](https://github.com/JBGruber/)","","https://www.irishtimes.com/arc/outboundfeeds/feed-irish-news/"
"irozhlas.cz","![](https://img.shields.io/badge/status-gold-%23ffd700.svg)","[@JBGruber](https://github.com/JBGruber/)","","https://www.irozhlas.cz/rss/irozhlas"
"joe.ie","![](https://img.shields.io/badge/status-gold-%23ffd700.svg)","[@JBGruber](https://github.com/JBGruber/)","","https://www.joe.ie/feed"
"jungefreiheit.de","![](https://img.shields.io/badge/status-gold-%23ffd700.svg)","[@schochastics](https://github.com/schochastics)","[#23](https://github.com/JBGruber/paperboy/issues/23)",NA
"kabeleins.de","![](https://img.shields.io/badge/status-gold-%23ffd700.svg)","[@schochastics](https://github.com/schochastics)","[#23](https://github.com/JBGruber/paperboy/issues/23)",NA
"karlsruhe-insider.de","![](https://img.shields.io/badge/status-gold-%23ffd700.svg)","[@schochastics](https://github.com/schochastics)","[#23](https://github.com/JBGruber/paperboy/issues/23)", NA
"kreiszeitung.de","![](https://img.shields.io/badge/status-gold-%23ffd700.svg)","[@schochastics](https://github.com/schochastics)","[#23](https://github.com/JBGruber/paperboy/issues/23)", NA
"ksta.de","![](https://img.shields.io/badge/status-gold-%23ffd700.svg)","[@schochastics](https://github.com/schochastics)","[#23](https://github.com/JBGruber/paperboy/issues/23)", "https://feed.ksta.de/feed/rss/politik/index.rss"
"kurier.at","![](https://img.shields.io/badge/status-gold-%23ffd700.svg)","[@schochastics](https://github.com/schochastics)","[#23](https://github.com/JBGruber/paperboy/issues/23)", "https://kurier.at/xml/rssd"
"latimes.com","![](https://img.shields.io/badge/status-gold-%23ffd700.svg)","[@JBGruber](https://github.com/JBGruber/)","","https://www.latimes.com/politics/rss2.0.xml"
"lidovky.cz","![](https://img.shields.io/badge/status-gold-%23ffd700.svg)","[@JBGruber](https://github.com/JBGruber/)","","https://servis.lidovky.cz/rss.aspx"
"lnk.techrepublic.com","![](https://img.shields.io/badge/status-requested-lightgrey)","","[#1](https://github.com/JBGruber/paperboy/issues/1)",NA
"lvz.de","![](https://img.shields.io/badge/status-gold-%23ffd700.svg)","[@schochastics](https://github.com/schochastics)","[#23](https://github.com/JBGruber/paperboy/issues/23)","https://www.lvz.de/arc/outboundfeeds/rss/"
"manager-magazin.de","![](https://img.shields.io/badge/status-gold-%23ffd700.svg)","[@schochastics](https://github.com/schochastics)","[#23](https://github.com/JBGruber/paperboy/issues/23)", "https://www.manager-magazin.de/news/index.rss"
"marketwatch.com","![](https://img.shields.io/badge/status-gold-%23ffd700.svg)","[@JBGruber](https://github.com/JBGruber/)","",NA
"maz-online.de","![](https://img.shields.io/badge/status-gold-%23ffd700.svg)","[@schochastics](https://github.com/schochastics)","[#23](https://github.com/JBGruber/paperboy/issues/23)", NA
"mdr.de","![](https://img.shields.io/badge/status-gold-%23ffd700.svg)","[@schochastics](https://github.com/schochastics)","[#23](https://github.com/JBGruber/paperboy/issues/23)", NA
"mediacourant.nl","![](https://img.shields.io/badge/status-gold-%23ffd700.svg)","[@JBGruber](https://github.com/JBGruber/)","","https://www.mediacourant.nl/feed/"
"merkur.de","![](https://img.shields.io/badge/status-gold-%23ffd700.svg)","[@schochastics](https://github.com/schochastics)","[#23](https://github.com/JBGruber/paperboy/issues/23)", "http://www.merkur.de/rssfeed.rdf"
"metronieuws.nl","![](https://img.shields.io/badge/status-gold-%23ffd700.svg)","[@JBGruber](https://github.com/JBGruber/)","","https://www.metronieuws.nl/feed/"
"mopo.de","![](https://img.shields.io/badge/status-gold-%23ffd700.svg)","[@schochastics](https://github.com/schochastics)","[#23](https://github.com/JBGruber/paperboy/issues/23)", NA
"morgenpost.de","![](https://img.shields.io/badge/status-gold-%23ffd700.svg)","[@schochastics](https://github.com/schochastics)","[#23](https://github.com/JBGruber/paperboy/issues/23)",NA
"msnbc.com","![](https://img.shields.io/badge/status-requested-lightgrey)","","[#1](https://github.com/JBGruber/paperboy/issues/1)",NA
"ndr.de","![](https://img.shields.io/badge/status-gold-%23ffd700.svg)","[@schochastics](https://github.com/schochastics)","[#23](https://github.com/JBGruber/paperboy/issues/23)", "http://www.ndr.de/home/index-rss.xml"
"news.de","![](https://img.shields.io/badge/status-gold-%23ffd700.svg)","[@schochastics](https://github.com/schochastics)","[#23](https://github.com/JBGruber/paperboy/issues/23)","https://www.news.de/rss/364367598/politik/"
"newsflash24.de","![](https://img.shields.io/badge/status-gold-%23ffd700.svg)","[@schochastics](https://github.com/schochastics)","[#23](https://github.com/JBGruber/paperboy/issues/23)", NA
"newstatesman.com","![](https://img.shields.io/badge/status-gold-%23ffd700.svg)","[@JBGruber](https://github.com/JBGruber/)","","https://www.newstatesman.com/feed/"
"newsweek.com","![](https://img.shields.io/badge/status-gold-%23ffd700.svg)","[@JBGruber](https://github.com/JBGruber/)","",NA
"news-und-nachrichten.de","![](https://img.shields.io/badge/status-gold-%23ffd700.svg)","[@schochastics](https://github.com/schochastics)","[#23](https://github.com/JBGruber/paperboy/issues/23)", NA
"nordkurier.de","![](https://img.shields.io/badge/status-gold-%23ffd700.svg)","[@schochastics](https://github.com/schochastics)","[#23](https://github.com/JBGruber/paperboy/issues/23)", NA
"nos.nl","![](https://img.shields.io/badge/status-gold-%23ffd700.svg)","[@JBGruber](https://github.com/JBGruber/)","","https://feeds.nos.nl/nosnieuwsalgemeen"
"novinky.cz","![](https://img.shields.io/badge/status-gold-%23ffd700.svg)","[@JBGruber](https://github.com/JBGruber/)","","https://www.novinky.cz/rss"
"noz.de","![](https://img.shields.io/badge/status-gold-%23ffd700.svg)","[@schochastics](https://github.com/schochastics)","[#23](https://github.com/JBGruber/paperboy/issues/23)",NA
"nrc.nl","![](https://img.shields.io/badge/status-gold-%23ffd700.svg)","[@JBGruber](https://github.com/JBGruber/)","",NA
"nw.de","![](https://img.shields.io/badge/status-gold-%23ffd700.svg)","[@schochastics](https://github.com/schochastics)","[#23](https://github.com/JBGruber/paperboy/issues/23)",NA
"n-tv.de","![](https://img.shields.io/badge/status-gold-%23ffd700.svg)","[@schochastics](https://github.com/schochastics)","[#23](https://github.com/JBGruber/paperboy/issues/23)","https://www.n-tv.de/rss"
"nu.nl","![](https://img.shields.io/badge/status-gold-%23ffd700.svg)","[@JBGruber](https://github.com/JBGruber/)","","https://www.nu.nl/rss"
"nypost.com","![](https://img.shields.io/badge/status-gold-%23ffd700.svg)","[@JBGruber](https://github.com/JBGruber/)","",NA
"nytimes.com","![](https://img.shields.io/badge/status-silver-%23C0C0C0.svg)","[@JBGruber](https://github.com/JBGruber/)","[#17](https://github.com/JBGruber/paperboy/issues/17)","https://rss.nytimes.com/services/xml/rss/nyt/HomePage.xml"
"nzz.ch","![](https://img.shields.io/badge/status-gold-%23ffd700.svg)","[@schochastics](https://github.com/schochastics)","[#23](https://github.com/JBGruber/paperboy/issues/23)","https://www.nzz.ch/recent.rss"
"orf.at","![](https://img.shields.io/badge/status-gold-%23ffd700.svg)","[@schochastics](https://github.com/schochastics)","[#23](https://github.com/JBGruber/paperboy/issues/23)","https://rss.orf.at/news.xml"
"ostsee-zeitung.de","![](https://img.shields.io/badge/status-gold-%23ffd700.svg)","[@schochastics](https://github.com/schochastics)","[#23](https://github.com/JBGruber/paperboy/issues/23)", NA
"pagesix.com","![](https://img.shields.io/badge/status-requested-lightgrey)","","[#1](https://github.com/JBGruber/paperboy/issues/1)",NA
"parlamentnilisty.cz","![](https://img.shields.io/badge/status-gold-%23ffd700.svg)","[@JBGruber](https://github.com/JBGruber/)","","http://www.parlamentnilisty.cz/export/rss.aspx"
"presseportal.de","![](https://img.shields.io/badge/status-gold-%23ffd700.svg)","[@schochastics](https://github.com/schochastics)","[#23](https://github.com/JBGruber/paperboy/issues/23)","https://www.presseportal.de/rss/presseportal.rss2"
"prosieben.de","![](https://img.shields.io/badge/status-gold-%23ffd700.svg)","[@schochastics](https://github.com/schochastics)","[#23](https://github.com/JBGruber/paperboy/issues/23)",NA
"rbb24.de","![](https://img.shields.io/badge/status-gold-%23ffd700.svg)","[@schochastics](https://github.com/schochastics)","[#23](https://github.com/JBGruber/paperboy/issues/23)","https://www.rbb24.de/aktuell/index.xml/feed=rss.xml"
"rnd.de","![](https://img.shields.io/badge/status-gold-%23ffd700.svg)","[@schochastics](https://github.com/schochastics)","[#23](https://github.com/JBGruber/paperboy/issues/23)","https://www.rnd.de/arc/outboundfeeds/rss/"
"rollingstone.de","![](https://img.shields.io/badge/status-gold-%23ffd700.svg)","[@schochastics](https://github.com/schochastics)","[#23](https://github.com/JBGruber/paperboy/issues/23)", NA
"rp-online.de","![](https://img.shields.io/badge/status-gold-%23ffd700.svg)","[@schochastics](https://github.com/schochastics)","[#23](https://github.com/JBGruber/paperboy/issues/23)", "https://rp-online.de/feed.rss"
"rte.ie","![](https://img.shields.io/badge/status-gold-%23ffd700.svg)","[@JBGruber](https://github.com/JBGruber/)","","https://www.rte.ie/feeds/rss/?index=/news/"
"rtl.de","![](https://img.shields.io/badge/status-gold-%23ffd700.svg)","[@schochastics](https://github.com/schochastics)","[#23](https://github.com/JBGruber/paperboy/issues/23)","https://www.rtl.de/rss/feed/news"
"rtl.nl","![](https://img.shields.io/badge/status-gold-%23ffd700.svg)","[@JBGruber](https://github.com/JBGruber/)","","https://www.rtlnieuws.nl/rss.xml"
"ruhr24.de","![](https://img.shields.io/badge/status-gold-%23ffd700.svg)","[@schochastics](https://github.com/schochastics)","[#23](https://github.com/JBGruber/paperboy/issues/23)", NA
"ruhrnachrichten.de","![](https://img.shields.io/badge/status-gold-%23ffd700.svg)","[@schochastics](https://github.com/schochastics)","[#23](https://github.com/JBGruber/paperboy/issues/23)", NA
"schwaebische.de","![](https://img.shields.io/badge/status-gold-%23ffd700.svg)","[@schochastics](https://github.com/schochastics)","[#23](https://github.com/JBGruber/paperboy/issues/23)", NA
"saechsische.de","![](https://img.shields.io/badge/status-gold-%23ffd700.svg)","[@schochastics](https://github.com/schochastics)","[#23](https://github.com/JBGruber/paperboy/issues/23)", "https://www.saechsische.de/arc/outboundfeeds/rss/"
"seznamzpravy.cz","![](https://img.shields.io/badge/status-gold-%23ffd700.svg)","[@JBGruber](https://github.com/JBGruber/)","","https://www.seznamzpravy.cz/rss"
"sfgate.com","![](https://img.shields.io/badge/status-gold-%23ffd700.svg)","[@JBGruber](https://github.com/JBGruber/)","",NA
"shz.de","![](https://img.shields.io/badge/status-gold-%23ffd700.svg)","[@schochastics](https://github.com/schochastics)","[#23](https://github.com/JBGruber/paperboy/issues/23)", NA
"skwawkbox.org","![](https://img.shields.io/badge/status-gold-%23ffd700.svg)","[@JBGruber](https://github.com/JBGruber/)","",NA
"sky.com","![](https://img.shields.io/badge/status-gold-%23ffd700.svg)","[@JBGruber](https://github.com/JBGruber/)","","https://feeds.skynews.com/feeds/rss/home.xml"
"spiegel.de","![](https://img.shields.io/badge/status-gold-%23ffd700.svg)","[@schochastics](https://github.com/schochastics)","[#23](https://github.com/JBGruber/paperboy/issues/23)","https://www.spiegel.de/schlagzeilen/index.rss"
"srf.ch","![](https://img.shields.io/badge/status-gold-%23ffd700.svg)","[@schochastics](https://github.com/schochastics)","[#23](https://github.com/JBGruber/paperboy/issues/23)","https://www.srf.ch/news/bnf/rss/1922"
"stern.de","![](https://img.shields.io/badge/status-gold-%23ffd700.svg)","[@schochastics](https://github.com/schochastics)","[#23](https://github.com/JBGruber/paperboy/issues/23)","https://www.stern.de/feed/standard/all/"
"stuttgarter-zeitung.de","![](https://img.shields.io/badge/status-gold-%23ffd700.svg)","[@schochastics](https://github.com/schochastics)","[#23](https://github.com/JBGruber/paperboy/issues/23)", NA
"sueddeutsche.de","![](https://img.shields.io/badge/status-gold-%23ffd700.svg)","[@schochastics](https://github.com/schochastics)","[#23](https://github.com/JBGruber/paperboy/issues/23)","https://rss.sueddeutsche.de/alles"
"suedkurier.de","![](https://img.shields.io/badge/status-gold-%23ffd700.svg)","[@schochastics](https://github.com/schochastics)","[#23](https://github.com/JBGruber/paperboy/issues/23)", NA
"swp.de","![](https://img.shields.io/badge/status-gold-%23ffd700.svg)","[@schochastics](https://github.com/schochastics)","[#23](https://github.com/JBGruber/paperboy/issues/23)", NA
"swr.de","![](https://img.shields.io/badge/status-gold-%23ffd700.svg)","[@schochastics](https://github.com/schochastics)","[#23](https://github.com/JBGruber/paperboy/issues/23)", NA
"swr3.de","![](https://img.shields.io/badge/status-gold-%23ffd700.svg)","[@schochastics](https://github.com/schochastics)","[#23](https://github.com/JBGruber/paperboy/issues/23)", NA
"swrfernsehen.de","![](https://img.shields.io/badge/status-gold-%23ffd700.svg)","[@schochastics](https://github.com/schochastics)","[#23](https://github.com/JBGruber/paperboy/issues/23)", NA
"tag24.de","![](https://img.shields.io/badge/status-gold-%23ffd700.svg)","[@schochastics](https://github.com/schochastics)","[#23](https://github.com/JBGruber/paperboy/issues/23)",NA
"tagesschau.de","![](https://img.shields.io/badge/status-gold-%23ffd700.svg)","[@schochastics](https://github.com/schochastics)","[#23](https://github.com/JBGruber/paperboy/issues/23)",NA
"tagesspiegel.de","![](https://img.shields.io/badge/status-gold-%23ffd700.svg)","[@schochastics](https://github.com/schochastics)","[#23](https://github.com/JBGruber/paperboy/issues/23)","http://www.tagesspiegel.de/contentexport/feed/home"
"taz.de","![](https://img.shields.io/badge/status-gold-%23ffd700.svg)","[@schochastics](https://github.com/schochastics)","[#23](https://github.com/JBGruber/paperboy/issues/23)",NA
"t3n.de","![](https://img.shields.io/badge/status-gold-%23ffd700.svg)","[@schochastics](https://github.com/schochastics)","[#23](https://github.com/JBGruber/paperboy/issues/23)", "https://t3n.de/rss.xml"
"telegraaf.nl","![](https://img.shields.io/badge/status-silver-%23C0C0C0.svg)","[@JBGruber](https://github.com/JBGruber/)","[#17](https://github.com/JBGruber/paperboy/issues/17)","https://www.telegraaf.nl/rss.xml"
"telegraph.co.uk","![](https://img.shields.io/badge/status-gold-%23ffd700.svg)","[@JBGruber](https://github.com/JBGruber/)","",NA
"thecanary.co","![](https://img.shields.io/badge/status-gold-%23ffd700.svg)","[@JBGruber](https://github.com/JBGruber/)","",NA
"theguardian.com","![](https://img.shields.io/badge/status-gold-%23ffd700.svg)","[@JBGruber](https://github.com/JBGruber/)","",NA
"thejournal.ie","![](https://img.shields.io/badge/status-gold-%23ffd700.svg)","[@JBGruber](https://github.com/JBGruber/)","","https://www.thejournal.ie/feed/"
"thelily.com","![](https://img.shields.io/badge/status-requested-lightgrey)","","[#1](https://github.com/JBGruber/paperboy/issues/1)",NA
"thestreet.com","![](https://img.shields.io/badge/status-requested-lightgrey)","[@JBGruber](https://github.com/JBGruber/)","","https://news.yahoo.com/rss.xml"
"thesun.ie","![](https://img.shields.io/badge/status-gold-%23ffd700.svg)","[@JBGruber](https://github.com/JBGruber/)","","https://www.thesun.ie/feed/"
"thismorningwithgordondeal.com","![](https://img.shields.io/badge/status-requested-lightgrey)","","[#1](https://github.com/JBGruber/paperboy/issues/1)",NA
"thueringer-allgemeine.de","![](https://img.shields.io/badge/status-gold-%23ffd700.svg)","[@schochastics](https://github.com/schochastics)","[#23](https://github.com/JBGruber/paperboy/issues/23)",NA
"time.com","![](https://img.shields.io/badge/status-requested-lightgrey)","","[#1](https://github.com/JBGruber/paperboy/issues/1)",NA
"tribpub.com","![](https://img.shields.io/badge/status-requested-lightgrey)","","[#1](https://github.com/JBGruber/paperboy/issues/1)",NA
"tz.de","![](https://img.shields.io/badge/status-gold-%23ffd700.svg)","[@schochastics](https://github.com/schochastics)","[#23](https://github.com/JBGruber/paperboy/issues/23)", "https://www.tz.de/welt/rssfeed.rdf"
"t-online.de","![](https://img.shields.io/badge/status-gold-%23ffd700.svg)","[@schochastics](https://github.com/schochastics)","[#23](https://github.com/JBGruber/paperboy/issues/23)","https://www.t-online.de/nachrichten/feed.rss"
"us.cnn.com","![](https://img.shields.io/badge/status-gold-%23ffd700.svg)","[@JBGruber](https://github.com/JBGruber/)","",NA
"usatoday.com","![](https://img.shields.io/badge/status-gold-%23ffd700.svg)","[@JBGruber](https://github.com/JBGruber/)","",NA
"vice.com","![](https://img.shields.io/badge/status-gold-%23ffd700.svg)","[@schochastics](https://github.com/schochastics)","[#23](https://github.com/JBGruber/paperboy/issues/23)", NA
"volkskrant.nl","![](https://img.shields.io/badge/status-gold-%23ffd700.svg)","[@JBGruber](https://github.com/JBGruber/)","","https://www.volkskrant.nl/rss.xml"
"volksstimme.de","![](https://img.shields.io/badge/status-gold-%23ffd700.svg)","[@schochastics](https://github.com/schochastics)","[#23](https://github.com/JBGruber/paperboy/issues/23)", NA
"vox.de","![](https://img.shields.io/badge/status-gold-%23ffd700.svg)","[@schochastics](https://github.com/schochastics)","[#23](https://github.com/JBGruber/paperboy/issues/23)", NA
"washingtonpost.com","![](https://img.shields.io/badge/status-gold-%23ffd700.svg)","[@JBGruber](https://github.com/JBGruber/)","","https://feeds.washingtonpost.com/rss/world"
"watson.de","![](https://img.shields.io/badge/status-gold-%23ffd700.svg)","[@schochastics](https://github.com/schochastics)","[#23](https://github.com/JBGruber/paperboy/issues/23)", NA
"watson.ch","![](https://img.shields.io/badge/status-gold-%23ffd700.svg)","[@schochastics](https://github.com/schochastics)","[#23](https://github.com/JBGruber/paperboy/issues/23)", NA
"wa.de","![](https://img.shields.io/badge/status-gold-%23ffd700.svg)","[@schochastics](https://github.com/schochastics)","[#23](https://github.com/JBGruber/paperboy/issues/23)", NA
"waz.de","![](https://img.shields.io/badge/status-gold-%23ffd700.svg)","[@schochastics](https://github.com/schochastics)","[#23](https://github.com/JBGruber/paperboy/issues/23)","https://www.waz.de/rss"
"wdr.de","![](https://img.shields.io/badge/status-gold-%23ffd700.svg)","[@schochastics](https://github.com/schochastics)","[#23](https://github.com/JBGruber/paperboy/issues/23)","https://www1.wdr.de/wissen/uebersicht-nachrichten-100.feed"
"welt.de","![](https://img.shields.io/badge/status-gold-%23ffd700.svg)","[@schochastics](https://github.com/schochastics)","[#23](https://github.com/JBGruber/paperboy/issues/23)","https://www.welt.de/feeds/latest.rss"
"wiwo.de","![](https://img.shields.io/badge/status-gold-%23ffd700.svg)","[@schochastics](https://github.com/schochastics)","[#23](https://github.com/JBGruber/paperboy/issues/23)","https://www.wiwo.de/contentexport/feed/rss/schlagzeilen"
"wsj.com","![](https://img.shields.io/badge/status-gold-%23ffd700.svg)","[@JBGruber](https://github.com/JBGruber/)","","https://feeds.a.dj.com/rss/RSSWorldNews.xml"
"yahoo.com","![](https://img.shields.io/badge/status-gold-%23ffd700.svg)","[@JBGruber](https://github.com/JBGruber/)","","https://news.yahoo.com/rss.xml"
"zdf.de","![](https://img.shields.io/badge/status-gold-%23ffd700.svg)","[@schochastics](https://github.com/schochastics)","[#23](https://github.com/JBGruber/paperboy/issues/23)","https://www.zdf.de/rss/zdf/nachrichten"
"zeit.de","![](https://img.shields.io/badge/status-gold-%23ffd700.svg)","[@JBGruber](https://github.com/JBGruber/)","","https://www.zeit.de/index"
